<?xml version="1.0" encoding='UTF-8'?>
<odoo>

	<record model="ir.cron" id="cron_check_aged_days_invoice_report">
        <field name="name">Invoice Aged days calculation</field>
        <field name="interval_number">1</field>
        <field name="interval_type">days</field>
        <field name="numbercall">1</field>
        <field name="doall" eval="False"/>
        <field name="model" eval="'account.invoice'"/>
        <field name="function" eval="'cron_sale_execution_dashboard_report'"/>
        <field name="args" eval="'()'" />
        <field name="active" eval="True" />
    </record>
</odoo>